"companies_number","companies_name","companies_name_url","companies_code","companies_code_url","companies_category","companies_sector","companies_sector_url"
"1","ALLIAR","https://www.ivalor.com.br/empresas/AALR","AALR3","https://www.ivalor.com.br/empresas/acoes/AALR3","Small Cap","Saúde","https://www.ivalor.com.br/empresas/listagem?setor=23"
"2","ABC BRASIL","https://www.ivalor.com.br/empresas/ABCB","ABCB4","https://www.ivalor.com.br/empresas/acoes/ABCB4","Small Cap","Financeiro","https://www.ivalor.com.br/empresas/listagem?setor=33"
"3","AMBEV S/A","https://www.ivalor.com.br/empresas/ABEV","ABEV3","https://www.ivalor.com.br/empresas/acoes/ABEV3","Mega Cap","Consumo não Cíclico","https://www.ivalor.com.br/empresas/listagem?setor=24"
"4","ADVANCED-DH","https://www.ivalor.com.br/empresas/ADHM","ADHM3","https://www.ivalor.com.br/empresas/acoes/ADHM3","Nano Cap","Saúde","https://www.ivalor.com.br/empresas/listagem?setor=23"
"5","AFLUENTE T","https://www.ivalor.com.br/empresas/AFLT","AFLT3","https://www.ivalor.com.br/empresas/acoes/AFLT3","Micro Cap","Utilidade Pública","https://www.ivalor.com.br/empresas/listagem?setor=25"
"6","BRASILAGRO","https://www.ivalor.com.br/empresas/AGRO","AGRO3","https://www.ivalor.com.br/empresas/acoes/AGRO3","Small Cap","Consumo não Cíclico","https://www.ivalor.com.br/empresas/listagem?setor=24"
"7","SPTURIS","https://www.ivalor.com.br/empresas/AHEB","AHEB6","https://www.ivalor.com.br/empresas/acoes/AHEB6","Nano Cap","Consumo Cíclico","https://www.ivalor.com.br/empresas/listagem?setor=27"
"8","ALPARGATAS","https://www.ivalor.com.br/empresas/ALPA","ALPA4","https://www.ivalor.com.br/empresas/acoes/ALPA4","Mid Cap","Consumo Cíclico","https://www.ivalor.com.br/empresas/listagem?setor=27"
"9","ESTAPAR","https://www.ivalor.com.br/empresas/ALPK","ALPK3","https://www.ivalor.com.br/empresas/acoes/ALPK3","Small Cap","Bens Industriais","https://www.ivalor.com.br/empresas/listagem?setor=26"
"10","ALIANSCE","https://www.ivalor.com.br/empresas/ALSC","ALSC3","https://www.ivalor.com.br/empresas/acoes/ALSC3","Mid Cap","Financeiro e Outros","https://www.ivalor.com.br/empresas/listagem?setor=1"
"11","ALIANSCSONAE","https://www.ivalor.com.br/empresas/ALSO","ALSO3","https://www.ivalor.com.br/empresas/acoes/ALSO3","Mid Cap","Financeiro","https://www.ivalor.com.br/empresas/listagem?setor=33"
"12","ALUPAR","https://www.ivalor.com.br/empresas/ALUP","ALUP4","https://www.ivalor.com.br/empresas/acoes/ALUP4","Mid Cap","Utilidade Pública","https://www.ivalor.com.br/empresas/listagem?setor=25"
"13","LOJAS MARISA","https://www.ivalor.com.br/empresas/AMAR","AMAR3","https://www.ivalor.com.br/empresas/acoes/AMAR3","Small Cap","Consumo Cíclico","https://www.ivalor.com.br/empresas/listagem?setor=27"
"14","AMBIPAR","https://www.ivalor.com.br/empresas/AMBP","AMBP3","https://www.ivalor.com.br/empresas/acoes/AMBP3","Small Cap","Utilidade Pública","https://www.ivalor.com.br/empresas/listagem?setor=25"
"15","ANIMA","https://www.ivalor.com.br/empresas/ANIM","ANIM3","https://www.ivalor.com.br/empresas/acoes/ANIM3","Small Cap","Consumo Cíclico","https://www.ivalor.com.br/empresas/listagem?setor=27"
"16","ALPER S.A.","https://www.ivalor.com.br/empresas/APER","APER3","https://www.ivalor.com.br/empresas/acoes/APER3","Micro Cap","Financeiro","https://www.ivalor.com.br/empresas/listagem?setor=33"
"17","ALIPERTI","https://www.ivalor.com.br/empresas/APTI","APTI4","https://www.ivalor.com.br/empresas/acoes/APTI4","Nano Cap","Consumo não Cíclico","https://www.ivalor.com.br/empresas/listagem?setor=24"
"18","AREZZO CO","https://www.ivalor.com.br/empresas/ARZZ","ARZZ3","https://www.ivalor.com.br/empresas/acoes/ARZZ3","Small Cap","Consumo Cíclico","https://www.ivalor.com.br/empresas/listagem?setor=27"
"19","ATOMPAR","https://www.ivalor.com.br/empresas/ATOM","ATOM3","https://www.ivalor.com.br/empresas/acoes/ATOM3","Nano Cap","Outros","https://www.ivalor.com.br/empresas/listagem?setor=34"
"20","AURA 360","https://www.ivalor.com.br/empresas/AURA","AURA32","https://www.ivalor.com.br/empresas/acoes/AURA32","-","Materiais Básicos","https://www.ivalor.com.br/empresas/listagem?setor=29"
"21","AZEVEDO","https://www.ivalor.com.br/empresas/AZEV","AZEV4","https://www.ivalor.com.br/empresas/acoes/AZEV4","Nano Cap","Bens Industriais","https://www.ivalor.com.br/empresas/listagem?setor=26"
"22","AZUL","https://www.ivalor.com.br/empresas/AZUL","AZUL4","https://www.ivalor.com.br/empresas/acoes/AZUL4","Mid Cap","Bens Industriais","https://www.ivalor.com.br/empresas/listagem?setor=26"
"23","B3","https://www.ivalor.com.br/empresas/B3SA","B3SA3","https://www.ivalor.com.br/empresas/acoes/B3SA3","Big Cap","Financeiro","https://www.ivalor.com.br/empresas/listagem?setor=33"
"24","BAHEMA","https://www.ivalor.com.br/empresas/BAHI","BAHI3","https://www.ivalor.com.br/empresas/acoes/BAHI3","Micro Cap","Consumo Cíclico","https://www.ivalor.com.br/empresas/listagem?setor=27"
"25","BAUMER","https://www.ivalor.com.br/empresas/BALM","BALM4","https://www.ivalor.com.br/empresas/acoes/BALM4","Nano Cap","Saúde","https://www.ivalor.com.br/empresas/listagem?setor=23"
"26","EXCELSIOR","https://www.ivalor.com.br/empresas/BAUH","BAUH4","https://www.ivalor.com.br/empresas/acoes/BAUH4","Micro Cap","Consumo não Cíclico","https://www.ivalor.com.br/empresas/listagem?setor=24"
"27","AMAZONIA","https://www.ivalor.com.br/empresas/BAZA","BAZA3","https://www.ivalor.com.br/empresas/acoes/BAZA3","Small Cap","Financeiro","https://www.ivalor.com.br/empresas/listagem?setor=33"
"28","BRASIL","https://www.ivalor.com.br/empresas/BBAS","BBAS3","https://www.ivalor.com.br/empresas/acoes/BBAS3","Big Cap","Financeiro","https://www.ivalor.com.br/empresas/listagem?setor=33"
"29","BRADESCO","https://www.ivalor.com.br/empresas/BBDC","BBDC4","https://www.ivalor.com.br/empresas/acoes/BBDC4","Mega Cap","Financeiro","https://www.ivalor.com.br/empresas/listagem?setor=33"
"30","BBMLOGISTICA","https://www.ivalor.com.br/empresas/BBML","BBML3","https://www.ivalor.com.br/empresas/acoes/BBML3","-","Bens Industriais","https://www.ivalor.com.br/empresas/listagem?setor=26"
"31","BR BROKERS","https://www.ivalor.com.br/empresas/BBRK","BBRK3","https://www.ivalor.com.br/empresas/acoes/BBRK3","Nano Cap","Financeiro","https://www.ivalor.com.br/empresas/listagem?setor=33"
"32","BBSEGURIDADE","https://www.ivalor.com.br/empresas/BBSE","BBSE3","https://www.ivalor.com.br/empresas/acoes/BBSE3","Big Cap","Financeiro","https://www.ivalor.com.br/empresas/listagem?setor=33"
"33","BARDELLA","https://www.ivalor.com.br/empresas/BDLL","BDLL4","https://www.ivalor.com.br/empresas/acoes/BDLL4","Nano Cap","Bens Industriais","https://www.ivalor.com.br/empresas/listagem?setor=26"
"34","MINERVA","https://www.ivalor.com.br/empresas/BEEF","BEEF3","https://www.ivalor.com.br/empresas/acoes/BEEF3","Mid Cap","Consumo não Cíclico","https://www.ivalor.com.br/empresas/listagem?setor=24"
"35","BANESTES","https://www.ivalor.com.br/empresas/BEES","BEES4","https://www.ivalor.com.br/empresas/acoes/BEES4","Small Cap","Financeiro","https://www.ivalor.com.br/empresas/listagem?setor=33"
"36","BANESE","https://www.ivalor.com.br/empresas/BGIP","BGIP4","https://www.ivalor.com.br/empresas/acoes/BGIP4","Micro Cap","Financeiro","https://www.ivalor.com.br/empresas/listagem?setor=33"
"37","BANCO INTER","https://www.ivalor.com.br/empresas/BIDI","BIDI4","https://www.ivalor.com.br/empresas/acoes/BIDI4","Mid Cap","Financeiro","https://www.ivalor.com.br/empresas/listagem?setor=33"
"38","BIOMM","https://www.ivalor.com.br/empresas/BIOM","BIOM3","https://www.ivalor.com.br/empresas/acoes/BIOM3","Small Cap","Saúde","https://www.ivalor.com.br/empresas/listagem?setor=23"
"39","BK BRASIL","https://www.ivalor.com.br/empresas/BKBR","BKBR3","https://www.ivalor.com.br/empresas/acoes/BKBR3","Small Cap","Consumo Cíclico","https://www.ivalor.com.br/empresas/listagem?setor=27"
"40","MERC BRASIL","https://www.ivalor.com.br/empresas/BMEB","BMEB4","https://www.ivalor.com.br/empresas/acoes/BMEB4","Micro Cap","Financeiro","https://www.ivalor.com.br/empresas/listagem?setor=33"
"41","BANCO BMG","https://www.ivalor.com.br/empresas/BMGB","BMGB4","https://www.ivalor.com.br/empresas/acoes/BMGB4","Micro Cap","Financeiro","https://www.ivalor.com.br/empresas/listagem?setor=33"
"42","MERC INVEST","https://www.ivalor.com.br/empresas/BMIN","BMIN4","https://www.ivalor.com.br/empresas/acoes/BMIN4","Nano Cap","Financeiro","https://www.ivalor.com.br/empresas/listagem?setor=33"
"43","BIC MONARK","https://www.ivalor.com.br/empresas/BMKS","BMKS3","https://www.ivalor.com.br/empresas/acoes/BMKS3","Nano Cap","Consumo Cíclico","https://www.ivalor.com.br/empresas/listagem?setor=27"
"44","NORD BRASIL","https://www.ivalor.com.br/empresas/BNBR","BNBR3","https://www.ivalor.com.br/empresas/acoes/BNBR3","Mid Cap","Financeiro","https://www.ivalor.com.br/empresas/listagem?setor=33"
"45","BOMBRIL","https://www.ivalor.com.br/empresas/BOBR","BOBR4","https://www.ivalor.com.br/empresas/acoes/BOBR4","Micro Cap","Consumo não Cíclico","https://www.ivalor.com.br/empresas/listagem?setor=24"
"46","BTGP BANCO","https://www.ivalor.com.br/empresas/BPAC","BPAC5","https://www.ivalor.com.br/empresas/acoes/BPAC5","Big Cap","Financeiro","https://www.ivalor.com.br/empresas/listagem?setor=33"
"47","BANCO PAN","https://www.ivalor.com.br/empresas/BPAN","BPAN4","https://www.ivalor.com.br/empresas/acoes/BPAN4","Small Cap","Financeiro","https://www.ivalor.com.br/empresas/listagem?setor=33"
"48","BANPARA","https://www.ivalor.com.br/empresas/BPAR","BPAR3","https://www.ivalor.com.br/empresas/acoes/BPAR3","Small Cap","Financeiro","https://www.ivalor.com.br/empresas/listagem?setor=33"
"49","BR PHARMA","https://www.ivalor.com.br/empresas/BPHA","BPHA3","https://www.ivalor.com.br/empresas/acoes/BPHA3","Nano Cap","Saúde","https://www.ivalor.com.br/empresas/listagem?setor=23"
"50","BRADESPAR","https://www.ivalor.com.br/empresas/BRAP","BRAP4","https://www.ivalor.com.br/empresas/acoes/BRAP4","Mid Cap","Materiais Básicos","https://www.ivalor.com.br/empresas/listagem?setor=29"
"51","PETROBRAS BR","https://www.ivalor.com.br/empresas/BRDT","BRDT3","https://www.ivalor.com.br/empresas/acoes/BRDT3","Mid Cap","Petróleo. Gás e Biocombustíveis","https://www.ivalor.com.br/empresas/listagem?setor=30"
"52","BRF SA","https://www.ivalor.com.br/empresas/BRFS","BRFS3","https://www.ivalor.com.br/empresas/acoes/BRFS3","Mid Cap","Consumo não Cíclico","https://www.ivalor.com.br/empresas/listagem?setor=24"
"53","ALFA CONSORC","https://www.ivalor.com.br/empresas/BRGE","BRGE8","https://www.ivalor.com.br/empresas/acoes/BRGE8","Micro Cap","Financeiro","https://www.ivalor.com.br/empresas/listagem?setor=33"
"54","ALFA INVEST","https://www.ivalor.com.br/empresas/BRIV","BRIV4","https://www.ivalor.com.br/empresas/acoes/BRIV4","Micro Cap","Financeiro","https://www.ivalor.com.br/empresas/listagem?setor=33"
"55","BRASKEM","https://www.ivalor.com.br/empresas/BRKM","BRKM6","https://www.ivalor.com.br/empresas/acoes/BRKM6","Mid Cap","Materiais Básicos","https://www.ivalor.com.br/empresas/listagem?setor=29"
"56","BR MALLS PAR","https://www.ivalor.com.br/empresas/BRML","BRML3","https://www.ivalor.com.br/empresas/acoes/BRML3","Mid Cap","Financeiro","https://www.ivalor.com.br/empresas/listagem?setor=33"
"57","BR PROPERT","https://www.ivalor.com.br/empresas/BRPR","BRPR3","https://www.ivalor.com.br/empresas/acoes/BRPR3","Small Cap","Financeiro","https://www.ivalor.com.br/empresas/listagem?setor=33"
"58","BRQ","https://www.ivalor.com.br/empresas/BRQB","BRQB3","https://www.ivalor.com.br/empresas/acoes/BRQB3","-","Tecnologia da Informação","https://www.ivalor.com.br/empresas/listagem?setor=31"
"59","BANRISUL","https://www.ivalor.com.br/empresas/BRSR","BRSR6","https://www.ivalor.com.br/empresas/acoes/BRSR6","Mid Cap","Financeiro","https://www.ivalor.com.br/empresas/listagem?setor=33"
"60","BIOSEV","https://www.ivalor.com.br/empresas/BSEV","BSEV3","https://www.ivalor.com.br/empresas/acoes/BSEV3","Small Cap","Consumo não Cíclico","https://www.ivalor.com.br/empresas/listagem?setor=24"
"61","BRB BANCO","https://www.ivalor.com.br/empresas/BSLI","BSLI4","https://www.ivalor.com.br/empresas/acoes/BSLI4","Mid Cap","Financeiro","https://www.ivalor.com.br/empresas/listagem?setor=33"
"62","B2W DIGITAL","https://www.ivalor.com.br/empresas/BTOW","BTOW3","https://www.ivalor.com.br/empresas/acoes/BTOW3","Big Cap","Consumo Cíclico","https://www.ivalor.com.br/empresas/listagem?setor=27"
"63","BATTISTELLA","https://www.ivalor.com.br/empresas/BTTL","BTTL3","https://www.ivalor.com.br/empresas/acoes/BTTL3","Nano Cap","Bens Industriais","https://www.ivalor.com.br/empresas/listagem?setor=26"
"64","CONST A LIND","https://www.ivalor.com.br/empresas/CALI","CALI4","https://www.ivalor.com.br/empresas/acoes/CALI4","Nano Cap","Consumo Cíclico","https://www.ivalor.com.br/empresas/listagem?setor=27"
"65","CAMBUCI","https://www.ivalor.com.br/empresas/CAMB","CAMB3","https://www.ivalor.com.br/empresas/acoes/CAMB3","Nano Cap","Consumo Cíclico","https://www.ivalor.com.br/empresas/listagem?setor=27"
"66","CAMIL","https://www.ivalor.com.br/empresas/CAML","CAML3","https://www.ivalor.com.br/empresas/acoes/CAML3","Small Cap","Consumo não Cíclico","https://www.ivalor.com.br/empresas/listagem?setor=24"
"67","CSU CARDSYST","https://www.ivalor.com.br/empresas/CARD","CARD3","https://www.ivalor.com.br/empresas/acoes/CARD3","Micro Cap","Bens Industriais","https://www.ivalor.com.br/empresas/listagem?setor=26"
"68","CASAN","https://www.ivalor.com.br/empresas/CASN","CASN4","https://www.ivalor.com.br/empresas/acoes/CASN4","Mid Cap","Utilidade Pública","https://www.ivalor.com.br/empresas/listagem?setor=25"
"69","IND CATAGUAS","https://www.ivalor.com.br/empresas/CATA","CATA4","https://www.ivalor.com.br/empresas/acoes/CATA4","-","Consumo Cíclico","https://www.ivalor.com.br/empresas/listagem?setor=27"
"70","AMPLA ENERG","https://www.ivalor.com.br/empresas/CBEE","CBEE3","https://www.ivalor.com.br/empresas/acoes/CBEE3","Small Cap","Utilidade Pública","https://www.ivalor.com.br/empresas/listagem?setor=25"
"71","CYRE COM-CCP","https://www.ivalor.com.br/empresas/CCPR","CCPR3","https://www.ivalor.com.br/empresas/acoes/CCPR3","Small Cap","Financeiro","https://www.ivalor.com.br/empresas/listagem?setor=33"
"72","CCR SA","https://www.ivalor.com.br/empresas/CCRO","CCRO3","https://www.ivalor.com.br/empresas/acoes/CCRO3","Big Cap","Bens Industriais","https://www.ivalor.com.br/empresas/listagem?setor=26"
"73","CCX CARVAO","https://www.ivalor.com.br/empresas/CCXC","CCXC3","https://www.ivalor.com.br/empresas/acoes/CCXC3","Nano Cap","Financeiro e Outros","https://www.ivalor.com.br/empresas/listagem?setor=1"
"74","CEA MODAS","https://www.ivalor.com.br/empresas/CEAB","CEAB3","https://www.ivalor.com.br/empresas/acoes/CEAB3","Small Cap","Consumo Cíclico","https://www.ivalor.com.br/empresas/listagem?setor=27"
"75","CEB","https://www.ivalor.com.br/empresas/CEBR","CEBR6","https://www.ivalor.com.br/empresas/acoes/CEBR6","Small Cap","Utilidade Pública","https://www.ivalor.com.br/empresas/listagem?setor=25"
"76","CEDRO","https://www.ivalor.com.br/empresas/CEDO","CEDO4","https://www.ivalor.com.br/empresas/acoes/CEDO4","Nano Cap","Consumo Cíclico","https://www.ivalor.com.br/empresas/listagem?setor=27"
"77","COELBA","https://www.ivalor.com.br/empresas/CEEB","CEEB6","https://www.ivalor.com.br/empresas/acoes/CEEB6","Mid Cap","Utilidade Pública","https://www.ivalor.com.br/empresas/listagem?setor=25"
"78","CEEE-D","https://www.ivalor.com.br/empresas/CEED","CEED4","https://www.ivalor.com.br/empresas/acoes/CEED4","Micro Cap","Utilidade Pública","https://www.ivalor.com.br/empresas/listagem?setor=25"
"79","CEG","https://www.ivalor.com.br/empresas/CEGR","CEGR3","https://www.ivalor.com.br/empresas/acoes/CEGR3","Mid Cap","Utilidade Pública","https://www.ivalor.com.br/empresas/listagem?setor=25"
"80","CELPE","https://www.ivalor.com.br/empresas/CEPE","CEPE6","https://www.ivalor.com.br/empresas/acoes/CEPE6","Small Cap","Utilidade Pública","https://www.ivalor.com.br/empresas/listagem?setor=25"
"81","CESP","https://www.ivalor.com.br/empresas/CESP","CESP6","https://www.ivalor.com.br/empresas/acoes/CESP6","Mid Cap","Utilidade Pública","https://www.ivalor.com.br/empresas/listagem?setor=25"
"82","COMGAS","https://www.ivalor.com.br/empresas/CGAS","CGAS5","https://www.ivalor.com.br/empresas/acoes/CGAS5","Mid Cap","Utilidade Pública","https://www.ivalor.com.br/empresas/listagem?setor=25"
"83","GRAZZIOTIN","https://www.ivalor.com.br/empresas/CGRA","CGRA4","https://www.ivalor.com.br/empresas/acoes/CGRA4","Micro Cap","Consumo Cíclico","https://www.ivalor.com.br/empresas/listagem?setor=27"
"84","CIELO","https://www.ivalor.com.br/empresas/CIEL","CIEL3","https://www.ivalor.com.br/empresas/acoes/CIEL3","Mid Cap","Financeiro","https://www.ivalor.com.br/empresas/listagem?setor=33"
"85","CELESC","https://www.ivalor.com.br/empresas/CLSC","CLSC4","https://www.ivalor.com.br/empresas/acoes/CLSC4","Small Cap","Utilidade Pública","https://www.ivalor.com.br/empresas/listagem?setor=25"
"86","CEMIG","https://www.ivalor.com.br/empresas/CMIG","CMIG4","https://www.ivalor.com.br/empresas/acoes/CMIG4","Mid Cap","Utilidade Pública","https://www.ivalor.com.br/empresas/listagem?setor=25"
"87","CIMS","https://www.ivalor.com.br/empresas/CMSA","CMSA4","https://www.ivalor.com.br/empresas/acoes/CMSA4","-","Outros","https://www.ivalor.com.br/empresas/listagem?setor=34"
"88","CINESYSTEM","https://www.ivalor.com.br/empresas/CNSY","CNSY3","https://www.ivalor.com.br/empresas/acoes/CNSY3","-","Comunicações","https://www.ivalor.com.br/empresas/listagem?setor=35"
"89","CENTAURO","https://www.ivalor.com.br/empresas/CNTO","CNTO3","https://www.ivalor.com.br/empresas/acoes/CNTO3","Mid Cap","Consumo Cíclico","https://www.ivalor.com.br/empresas/listagem?setor=27"
"90","COELCE","https://www.ivalor.com.br/empresas/COCE","COCE6","https://www.ivalor.com.br/empresas/acoes/COCE6","Small Cap","Utilidade Pública","https://www.ivalor.com.br/empresas/listagem?setor=25"
"91","COGNA ON","https://www.ivalor.com.br/empresas/COGN","COGN3","https://www.ivalor.com.br/empresas/acoes/COGN3","Mid Cap","Consumo Cíclico","https://www.ivalor.com.br/empresas/listagem?setor=27"
"92","COR RIBEIRO","https://www.ivalor.com.br/empresas/CORR","CORR4","https://www.ivalor.com.br/empresas/acoes/CORR4","Nano Cap","Financeiro","https://www.ivalor.com.br/empresas/listagem?setor=33"
"93","CPFL ENERGIA","https://www.ivalor.com.br/empresas/CPFE","CPFE3","https://www.ivalor.com.br/empresas/acoes/CPFE3","Big Cap","Utilidade Pública","https://www.ivalor.com.br/empresas/listagem?setor=25"
"94","COPEL","https://www.ivalor.com.br/empresas/CPLE","CPLE6","https://www.ivalor.com.br/empresas/acoes/CPLE6","Mid Cap","Utilidade Pública","https://www.ivalor.com.br/empresas/listagem?setor=25"
"95","CR2","https://www.ivalor.com.br/empresas/CRDE","CRDE3","https://www.ivalor.com.br/empresas/acoes/CRDE3","Nano Cap","Consumo Cíclico","https://www.ivalor.com.br/empresas/listagem?setor=27"
"96","CARREFOUR BR","https://www.ivalor.com.br/empresas/CRFB","CRFB3","https://www.ivalor.com.br/empresas/acoes/CRFB3","Big Cap","Consumo não Cíclico","https://www.ivalor.com.br/empresas/listagem?setor=24"
"97","ALFA FINANC","https://www.ivalor.com.br/empresas/CRIV","CRIV4","https://www.ivalor.com.br/empresas/acoes/CRIV4","Micro Cap","Financeiro","https://www.ivalor.com.br/empresas/listagem?setor=33"
"98","CRISTAL","https://www.ivalor.com.br/empresas/CRPG","CRPG6","https://www.ivalor.com.br/empresas/acoes/CRPG6","Micro Cap","Materiais Básicos","https://www.ivalor.com.br/empresas/listagem?setor=29"
"99","SEG AL BAHIA","https://www.ivalor.com.br/empresas/CSAB","CSAB4","https://www.ivalor.com.br/empresas/acoes/CSAB4","Micro Cap","Financeiro","https://www.ivalor.com.br/empresas/listagem?setor=33"
"100","COSAN","https://www.ivalor.com.br/empresas/CSAN","CSAN3","https://www.ivalor.com.br/empresas/acoes/CSAN3","Big Cap","Petróleo. Gás e Biocombustíveis","https://www.ivalor.com.br/empresas/listagem?setor=30"
"101","COPASA","https://www.ivalor.com.br/empresas/CSMG","CSMG3","https://www.ivalor.com.br/empresas/acoes/CSMG3","Mid Cap","Utilidade Pública","https://www.ivalor.com.br/empresas/listagem?setor=25"
"102","SID NACIONAL","https://www.ivalor.com.br/empresas/CSNA","CSNA3","https://www.ivalor.com.br/empresas/acoes/CSNA3","Mid Cap","Materiais Básicos","https://www.ivalor.com.br/empresas/listagem?setor=29"
"103","COSERN","https://www.ivalor.com.br/empresas/CSRN","CSRN6","https://www.ivalor.com.br/empresas/acoes/CSRN6","Small Cap","Utilidade Pública","https://www.ivalor.com.br/empresas/listagem?setor=25"
"104","CTC S.A.","https://www.ivalor.com.br/empresas/CTCA","CTCA3","https://www.ivalor.com.br/empresas/acoes/CTCA3","-","Consumo não Cíclico","https://www.ivalor.com.br/empresas/listagem?setor=24"
"105","KARSTEN","https://www.ivalor.com.br/empresas/CTKA","CTKA4","https://www.ivalor.com.br/empresas/acoes/CTKA4","Nano Cap","Consumo Cíclico","https://www.ivalor.com.br/empresas/listagem?setor=27"
"106","COTEMINAS","https://www.ivalor.com.br/empresas/CTNM","CTNM4","https://www.ivalor.com.br/empresas/acoes/CTNM4","Micro Cap","Consumo Cíclico","https://www.ivalor.com.br/empresas/listagem?setor=27"
"107","SANTANENSE","https://www.ivalor.com.br/empresas/CTSA","CTSA8","https://www.ivalor.com.br/empresas/acoes/CTSA8","Nano Cap","Consumo Cíclico","https://www.ivalor.com.br/empresas/listagem?setor=27"
"108","CURY S/A","https://www.ivalor.com.br/empresas/CURY","CURY3","https://www.ivalor.com.br/empresas/acoes/CURY3","Small Cap","Consumo Cíclico","https://www.ivalor.com.br/empresas/listagem?setor=27"
"109","CVC BRASIL","https://www.ivalor.com.br/empresas/CVCB","CVCB3","https://www.ivalor.com.br/empresas/acoes/CVCB3","Small Cap","Consumo Cíclico","https://www.ivalor.com.br/empresas/listagem?setor=27"
"110","CYRELA REALT","https://www.ivalor.com.br/empresas/CYRE","CYRE3","https://www.ivalor.com.br/empresas/acoes/CYRE3","Mid Cap","Consumo Cíclico","https://www.ivalor.com.br/empresas/listagem?setor=27"
"111","DASA","https://www.ivalor.com.br/empresas/DASA","DASA3","https://www.ivalor.com.br/empresas/acoes/DASA3","Big Cap","Saúde","https://www.ivalor.com.br/empresas/listagem?setor=23"
"112","DIRECIONAL","https://www.ivalor.com.br/empresas/DIRR","DIRR3","https://www.ivalor.com.br/empresas/acoes/DIRR3","Small Cap","Consumo Cíclico","https://www.ivalor.com.br/empresas/listagem?setor=27"
"113","DOMMO","https://www.ivalor.com.br/empresas/DMMO","DMMO3","https://www.ivalor.com.br/empresas/acoes/DMMO3","Micro Cap","Petróleo. Gás e Biocombustíveis","https://www.ivalor.com.br/empresas/listagem?setor=30"
"114","D1000VFARMA","https://www.ivalor.com.br/empresas/DMVF","DMVF3","https://www.ivalor.com.br/empresas/acoes/DMVF3","Micro Cap","Saúde","https://www.ivalor.com.br/empresas/listagem?setor=23"
"115","DOHLER","https://www.ivalor.com.br/empresas/DOHL","DOHL4","https://www.ivalor.com.br/empresas/acoes/DOHL4","Small Cap","Consumo Cíclico","https://www.ivalor.com.br/empresas/listagem?setor=27"
"116","DTCOM-DIRECT","https://www.ivalor.com.br/empresas/DTCY","DTCY4","https://www.ivalor.com.br/empresas/acoes/DTCY4","Nano Cap","Bens Industriais","https://www.ivalor.com.br/empresas/listagem?setor=26"
"117","DURATEX","https://www.ivalor.com.br/empresas/DTEX","DTEX3","https://www.ivalor.com.br/empresas/acoes/DTEX3","Mid Cap","Materiais Básicos","https://www.ivalor.com.br/empresas/listagem?setor=29"
"118","ACO ALTONA","https://www.ivalor.com.br/empresas/EALT","EALT4","https://www.ivalor.com.br/empresas/acoes/EALT4","Nano Cap","Bens Industriais","https://www.ivalor.com.br/empresas/listagem?setor=26"
"119","ECORODOVIAS","https://www.ivalor.com.br/empresas/ECOR","ECOR3","https://www.ivalor.com.br/empresas/acoes/ECOR3","Mid Cap","Bens Industriais","https://www.ivalor.com.br/empresas/listagem?setor=26"
"120","ENCORPAR","https://www.ivalor.com.br/empresas/ECPR","ECPR4","https://www.ivalor.com.br/empresas/acoes/ECPR4","Nano Cap","Consumo Cíclico","https://www.ivalor.com.br/empresas/listagem?setor=27"
"121","CEEE-GT","https://www.ivalor.com.br/empresas/EEEL","EEEL4","https://www.ivalor.com.br/empresas/acoes/EEEL4","Small Cap","Utilidade Pública","https://www.ivalor.com.br/empresas/listagem?setor=25"
"122","ENGIE BRASIL","https://www.ivalor.com.br/empresas/EGIE","EGIE3","https://www.ivalor.com.br/empresas/acoes/EGIE3","Big Cap","Utilidade Pública","https://www.ivalor.com.br/empresas/listagem?setor=25"
"123","ELEKTRO","https://www.ivalor.com.br/empresas/EKTR","EKTR4","https://www.ivalor.com.br/empresas/acoes/EKTR4","Small Cap","Utilidade Pública","https://www.ivalor.com.br/empresas/listagem?setor=25"
"124","ELEKEIROZ","https://www.ivalor.com.br/empresas/ELEK","ELEK4","https://www.ivalor.com.br/empresas/acoes/ELEK4","Micro Cap","Materiais Básicos","https://www.ivalor.com.br/empresas/listagem?setor=29"
"125","ELETROBRAS","https://www.ivalor.com.br/empresas/ELET","ELET6","https://www.ivalor.com.br/empresas/acoes/ELET6","Big Cap","Utilidade Pública","https://www.ivalor.com.br/empresas/listagem?setor=25"
"126","EMAE","https://www.ivalor.com.br/empresas/EMAE","EMAE4","https://www.ivalor.com.br/empresas/acoes/EMAE4","Small Cap","Utilidade Pública","https://www.ivalor.com.br/empresas/listagem?setor=25"
"127","EMBRAER","https://www.ivalor.com.br/empresas/EMBR","EMBR3","https://www.ivalor.com.br/empresas/acoes/EMBR3","Small Cap","Bens Industriais","https://www.ivalor.com.br/empresas/listagem?setor=26"
"128","ENAUTA PART","https://www.ivalor.com.br/empresas/ENAT","ENAT3","https://www.ivalor.com.br/empresas/acoes/ENAT3","Small Cap","Petróleo. Gás e Biocombustíveis","https://www.ivalor.com.br/empresas/listagem?setor=30"
"129","ENERGIAS BR","https://www.ivalor.com.br/empresas/ENBR","ENBR3","https://www.ivalor.com.br/empresas/acoes/ENBR3","Mid Cap","Utilidade Pública","https://www.ivalor.com.br/empresas/listagem?setor=25"
"130","ENEVA","https://www.ivalor.com.br/empresas/ENEV","ENEV3","https://www.ivalor.com.br/empresas/acoes/ENEV3","Mid Cap","Utilidade Pública","https://www.ivalor.com.br/empresas/listagem?setor=25"
"131","ENERGISA","https://www.ivalor.com.br/empresas/ENGI","ENGI4","https://www.ivalor.com.br/empresas/acoes/ENGI4","Mid Cap","Utilidade Pública","https://www.ivalor.com.br/empresas/listagem?setor=25"
"132","ENERGISA MT","https://www.ivalor.com.br/empresas/ENMT","ENMT4","https://www.ivalor.com.br/empresas/acoes/ENMT4","Mid Cap","Utilidade Pública","https://www.ivalor.com.br/empresas/listagem?setor=25"
"133","EQTL PARA","https://www.ivalor.com.br/empresas/EQPA","EQPA7","https://www.ivalor.com.br/empresas/acoes/EQPA7","Mid Cap","Utilidade Pública","https://www.ivalor.com.br/empresas/listagem?setor=25"
"134","EQUATORIAL","https://www.ivalor.com.br/empresas/EQTL","EQTL3","https://www.ivalor.com.br/empresas/acoes/EQTL3","Mid Cap","Utilidade Pública","https://www.ivalor.com.br/empresas/listagem?setor=25"
"135","ESTRELA","https://www.ivalor.com.br/empresas/ESTR","ESTR4","https://www.ivalor.com.br/empresas/acoes/ESTR4","Nano Cap","Consumo Cíclico","https://www.ivalor.com.br/empresas/listagem?setor=27"
"136","ETERNIT","https://www.ivalor.com.br/empresas/ETER","ETER3","https://www.ivalor.com.br/empresas/acoes/ETER3","Micro Cap","Bens Industriais","https://www.ivalor.com.br/empresas/listagem?setor=26"
"137","EUCATEX","https://www.ivalor.com.br/empresas/EUCA","EUCA4","https://www.ivalor.com.br/empresas/acoes/EUCA4","Small Cap","Materiais Básicos","https://www.ivalor.com.br/empresas/listagem?setor=29"
"138","EVEN","https://www.ivalor.com.br/empresas/EVEN","EVEN3","https://www.ivalor.com.br/empresas/acoes/EVEN3","Small Cap","Consumo Cíclico","https://www.ivalor.com.br/empresas/listagem?setor=27"
"139","EZTEC","https://www.ivalor.com.br/empresas/EZTC","EZTC3","https://www.ivalor.com.br/empresas/acoes/EZTC3","Mid Cap","Consumo Cíclico","https://www.ivalor.com.br/empresas/listagem?setor=27"
"140","FERBASA","https://www.ivalor.com.br/empresas/FESA","FESA4","https://www.ivalor.com.br/empresas/acoes/FESA4","Small Cap","Materiais Básicos","https://www.ivalor.com.br/empresas/listagem?setor=29"
"141","FER HERINGER","https://www.ivalor.com.br/empresas/FHER","FHER3","https://www.ivalor.com.br/empresas/acoes/FHER3","Nano Cap","Materiais Básicos","https://www.ivalor.com.br/empresas/listagem?setor=29"
"142","INVEST BEMGE","https://www.ivalor.com.br/empresas/FIGE","FIGE4","https://www.ivalor.com.br/empresas/acoes/FIGE4","Nano Cap","Outros","https://www.ivalor.com.br/empresas/listagem?setor=34"
"143","FLEX S/A","https://www.ivalor.com.br/empresas/FLEX","FLEX3","https://www.ivalor.com.br/empresas/acoes/FLEX3","-","Bens Industriais","https://www.ivalor.com.br/empresas/listagem?setor=26"
"144","FLEURY","https://www.ivalor.com.br/empresas/FLRY","FLRY3","https://www.ivalor.com.br/empresas/acoes/FLRY3","Mid Cap","Saúde","https://www.ivalor.com.br/empresas/listagem?setor=23"
"145","FINANSINOS","https://www.ivalor.com.br/empresas/FNCN","FNCN3","https://www.ivalor.com.br/empresas/acoes/FNCN3","-","Financeiro","https://www.ivalor.com.br/empresas/listagem?setor=33"
"146","FRAS-LE","https://www.ivalor.com.br/empresas/FRAS","FRAS3","https://www.ivalor.com.br/empresas/acoes/FRAS3","Small Cap","Bens Industriais","https://www.ivalor.com.br/empresas/listagem?setor=26"
"147","METALFRIO","https://www.ivalor.com.br/empresas/FRIO","FRIO3","https://www.ivalor.com.br/empresas/acoes/FRIO3","Micro Cap","Bens Industriais","https://www.ivalor.com.br/empresas/listagem?setor=26"
"148","POMIFRUTAS","https://www.ivalor.com.br/empresas/FRTA","FRTA3","https://www.ivalor.com.br/empresas/acoes/FRTA3","Nano Cap","Consumo não Cíclico","https://www.ivalor.com.br/empresas/listagem?setor=24"
"149","BIOTOSCANA","https://www.ivalor.com.br/empresas/GBIO","GBIO33","https://www.ivalor.com.br/empresas/acoes/GBIO33","-","Saúde","https://www.ivalor.com.br/empresas/listagem?setor=23"
"150","GER PARANAP","https://www.ivalor.com.br/empresas/GEPA","GEPA4","https://www.ivalor.com.br/empresas/acoes/GEPA4","Small Cap","Utilidade Pública","https://www.ivalor.com.br/empresas/listagem?setor=25"
"151","GAFISA","https://www.ivalor.com.br/empresas/GFSA","GFSA3","https://www.ivalor.com.br/empresas/acoes/GFSA3","Small Cap","Consumo Cíclico","https://www.ivalor.com.br/empresas/listagem?setor=27"
"152","GERDAU","https://www.ivalor.com.br/empresas/GGBR","GGBR4","https://www.ivalor.com.br/empresas/acoes/GGBR4","Big Cap","Materiais Básicos","https://www.ivalor.com.br/empresas/listagem?setor=29"
"153","INTERMEDICA","https://www.ivalor.com.br/empresas/GNDI","GNDI3","https://www.ivalor.com.br/empresas/acoes/GNDI3","Big Cap","Saúde","https://www.ivalor.com.br/empresas/listagem?setor=23"
"154","GERDAU MET","https://www.ivalor.com.br/empresas/GOAU","GOAU4","https://www.ivalor.com.br/empresas/acoes/GOAU4","Mid Cap","Materiais Básicos","https://www.ivalor.com.br/empresas/listagem?setor=29"
"155","GOL","https://www.ivalor.com.br/empresas/GOLL","GOLL4","https://www.ivalor.com.br/empresas/acoes/GOLL4","Small Cap","Bens Industriais","https://www.ivalor.com.br/empresas/listagem?setor=26"
"156","CELGPAR","https://www.ivalor.com.br/empresas/GPAR","GPAR3","https://www.ivalor.com.br/empresas/acoes/GPAR3","Small Cap","Utilidade Pública","https://www.ivalor.com.br/empresas/listagem?setor=25"
"157","GPC PART","https://www.ivalor.com.br/empresas/GPCP","GPCP4","https://www.ivalor.com.br/empresas/acoes/GPCP4","Micro Cap","Materiais Básicos","https://www.ivalor.com.br/empresas/listagem?setor=29"
"158","GP INVEST","https://www.ivalor.com.br/empresas/GPIV","GPIV33","https://www.ivalor.com.br/empresas/acoes/GPIV33","-","Financeiro","https://www.ivalor.com.br/empresas/listagem?setor=33"
"159","GRENDENE","https://www.ivalor.com.br/empresas/GRND","GRND3","https://www.ivalor.com.br/empresas/acoes/GRND3","Mid Cap","Consumo Cíclico","https://www.ivalor.com.br/empresas/listagem?setor=27"
"160","GENERALSHOPP","https://www.ivalor.com.br/empresas/GSHP","GSHP3","https://www.ivalor.com.br/empresas/acoes/GSHP3","Nano Cap","Financeiro","https://www.ivalor.com.br/empresas/listagem?setor=33"
"161","GUARARAPES","https://www.ivalor.com.br/empresas/GUAR","GUAR3","https://www.ivalor.com.br/empresas/acoes/GUAR3","Mid Cap","Consumo Cíclico","https://www.ivalor.com.br/empresas/listagem?setor=27"
"162","HAGA S/A","https://www.ivalor.com.br/empresas/HAGA","HAGA4","https://www.ivalor.com.br/empresas/acoes/HAGA4","Nano Cap","Bens Industriais","https://www.ivalor.com.br/empresas/listagem?setor=26"
"163","HAPVIDA","https://www.ivalor.com.br/empresas/HAPV","HAPV3","https://www.ivalor.com.br/empresas/acoes/HAPV3","Big Cap","Saúde","https://www.ivalor.com.br/empresas/listagem?setor=23"
"164","HELBOR","https://www.ivalor.com.br/empresas/HBOR","HBOR3","https://www.ivalor.com.br/empresas/acoes/HBOR3","Small Cap","Consumo Cíclico","https://www.ivalor.com.br/empresas/listagem?setor=27"
"165","HABITASUL","https://www.ivalor.com.br/empresas/HBTS","HBTS6","https://www.ivalor.com.br/empresas/acoes/HBTS6","Nano Cap","Financeiro","https://www.ivalor.com.br/empresas/listagem?setor=33"
"166","BR HOME","https://www.ivalor.com.br/empresas/HCBR","HCBR3","https://www.ivalor.com.br/empresas/acoes/HCBR3","-","Consumo Cíclico","https://www.ivalor.com.br/empresas/listagem?setor=27"
"167","HERCULES","https://www.ivalor.com.br/empresas/HETA","HETA4","https://www.ivalor.com.br/empresas/acoes/HETA4","Nano Cap","Consumo Cíclico","https://www.ivalor.com.br/empresas/listagem?setor=27"
"168","CIA HERING","https://www.ivalor.com.br/empresas/HGTX","HGTX3","https://www.ivalor.com.br/empresas/acoes/HGTX3","Small Cap","Consumo Cíclico","https://www.ivalor.com.br/empresas/listagem?setor=27"
"169","HOTEIS OTHON","https://www.ivalor.com.br/empresas/HOOT","HOOT4","https://www.ivalor.com.br/empresas/acoes/HOOT4","Nano Cap","Consumo Cíclico","https://www.ivalor.com.br/empresas/listagem?setor=27"
"170","HYPERA","https://www.ivalor.com.br/empresas/HYPE","HYPE3","https://www.ivalor.com.br/empresas/acoes/HYPE3","Mid Cap","Saúde","https://www.ivalor.com.br/empresas/listagem?setor=23"
"171","INDUSVAL","https://www.ivalor.com.br/empresas/IDVL","IDVL4","https://www.ivalor.com.br/empresas/acoes/IDVL4","Micro Cap","Financeiro","https://www.ivalor.com.br/empresas/listagem?setor=33"
"172","IGB S/A","https://www.ivalor.com.br/empresas/IGBR","IGBR3","https://www.ivalor.com.br/empresas/acoes/IGBR3","Nano Cap","Financeiro","https://www.ivalor.com.br/empresas/listagem?setor=33"
"173","IGUA SA","https://www.ivalor.com.br/empresas/IGSN","IGSN3","https://www.ivalor.com.br/empresas/acoes/IGSN3","-","Utilidade Pública","https://www.ivalor.com.br/empresas/listagem?setor=25"
"174","IGUATEMI","https://www.ivalor.com.br/empresas/IGTA","IGTA3","https://www.ivalor.com.br/empresas/acoes/IGTA3","Mid Cap","Financeiro","https://www.ivalor.com.br/empresas/listagem?setor=33"
"175","INEPAR","https://www.ivalor.com.br/empresas/INEP","INEP4","https://www.ivalor.com.br/empresas/acoes/INEP4","Nano Cap","Bens Industriais","https://www.ivalor.com.br/empresas/listagem?setor=26"
"176","INTER SA","https://www.ivalor.com.br/empresas/INNT","INNT3","https://www.ivalor.com.br/empresas/acoes/INNT3","-","Consumo Cíclico","https://www.ivalor.com.br/empresas/listagem?setor=27"
"177","IRBBRASIL RE","https://www.ivalor.com.br/empresas/IRBR","IRBR3","https://www.ivalor.com.br/empresas/acoes/IRBR3","Mid Cap","Financeiro","https://www.ivalor.com.br/empresas/listagem?setor=33"
"178","ITAUTEC","https://www.ivalor.com.br/empresas/ITEC","ITEC3","https://www.ivalor.com.br/empresas/acoes/ITEC3","Micro Cap","Tecnologia da Informação","https://www.ivalor.com.br/empresas/listagem?setor=31"
"179","ITAUSA","https://www.ivalor.com.br/empresas/ITSA","ITSA4","https://www.ivalor.com.br/empresas/acoes/ITSA4","Big Cap","Financeiro","https://www.ivalor.com.br/empresas/listagem?setor=33"
"180","ITAUUNIBANCO","https://www.ivalor.com.br/empresas/ITUB","ITUB4","https://www.ivalor.com.br/empresas/acoes/ITUB4","Mega Cap","Financeiro","https://www.ivalor.com.br/empresas/listagem?setor=33"
"181","J B DUARTE","https://www.ivalor.com.br/empresas/JBDU","JBDU4","https://www.ivalor.com.br/empresas/acoes/JBDU4","Nano Cap","Outros","https://www.ivalor.com.br/empresas/listagem?setor=34"
"182","JBS","https://www.ivalor.com.br/empresas/JBSS","JBSS3","https://www.ivalor.com.br/empresas/acoes/JBSS3","Big Cap","Consumo não Cíclico","https://www.ivalor.com.br/empresas/listagem?setor=24"
"183","JOAO FORTES","https://www.ivalor.com.br/empresas/JFEN","JFEN3","https://www.ivalor.com.br/empresas/acoes/JFEN3","Micro Cap","Consumo Cíclico","https://www.ivalor.com.br/empresas/listagem?setor=27"
"184","JHSF PART","https://www.ivalor.com.br/empresas/JHSF","JHSF3","https://www.ivalor.com.br/empresas/acoes/JHSF3","Small Cap","Consumo Cíclico","https://www.ivalor.com.br/empresas/listagem?setor=27"
"185","JOSAPAR","https://www.ivalor.com.br/empresas/JOPA","JOPA4","https://www.ivalor.com.br/empresas/acoes/JOPA4","Micro Cap","Consumo não Cíclico","https://www.ivalor.com.br/empresas/listagem?setor=24"
"186","JEREISSATI","https://www.ivalor.com.br/empresas/JPSA","JPSA3","https://www.ivalor.com.br/empresas/acoes/JPSA3","Small Cap","Financeiro","https://www.ivalor.com.br/empresas/listagem?setor=33"
"187","JSL","https://www.ivalor.com.br/empresas/JSLG","JSLG3","https://www.ivalor.com.br/empresas/acoes/JSLG3","Mid Cap","Bens Industriais","https://www.ivalor.com.br/empresas/listagem?setor=26"
"188","KEPLER WEBER","https://www.ivalor.com.br/empresas/KEPL","KEPL3","https://www.ivalor.com.br/empresas/acoes/KEPL3","Small Cap","Bens Industriais","https://www.ivalor.com.br/empresas/listagem?setor=26"
"189","KLABIN S/A","https://www.ivalor.com.br/empresas/KLBN","KLBN4","https://www.ivalor.com.br/empresas/acoes/KLBN4","Big Cap","Materiais Básicos","https://www.ivalor.com.br/empresas/listagem?setor=29"
"190","LOJAS AMERIC","https://www.ivalor.com.br/empresas/LAME","LAME4","https://www.ivalor.com.br/empresas/acoes/LAME4","Big Cap","Consumo Cíclico","https://www.ivalor.com.br/empresas/listagem?setor=27"
"191","LAVVI","https://www.ivalor.com.br/empresas/LAVV","LAVV3","https://www.ivalor.com.br/empresas/acoes/LAVV3","Small Cap","Consumo Cíclico","https://www.ivalor.com.br/empresas/listagem?setor=27"
"192","LOCAMERICA","https://www.ivalor.com.br/empresas/LCAM","LCAM3","https://www.ivalor.com.br/empresas/acoes/LCAM3","Mid Cap","Consumo Cíclico","https://www.ivalor.com.br/empresas/listagem?setor=27"
"193","METAL LEVE","https://www.ivalor.com.br/empresas/LEVE","LEVE3","https://www.ivalor.com.br/empresas/acoes/LEVE3","Small Cap","Consumo Cíclico","https://www.ivalor.com.br/empresas/listagem?setor=27"
"194","LOJAS HERING","https://www.ivalor.com.br/empresas/LHER","LHER4","https://www.ivalor.com.br/empresas/acoes/LHER4","Nano Cap","Financeiro e Outros","https://www.ivalor.com.br/empresas/listagem?setor=1"
"195","LIGHT S/A","https://www.ivalor.com.br/empresas/LIGT","LIGT3","https://www.ivalor.com.br/empresas/acoes/LIGT3","Small Cap","Utilidade Pública","https://www.ivalor.com.br/empresas/listagem?setor=25"
"196","LINX","https://www.ivalor.com.br/empresas/LINX","LINX3","https://www.ivalor.com.br/empresas/acoes/LINX3","Mid Cap","Tecnologia da Informação","https://www.ivalor.com.br/empresas/listagem?setor=31"
"197","ELETROPAR","https://www.ivalor.com.br/empresas/LIPR","LIPR3","https://www.ivalor.com.br/empresas/acoes/LIPR3","Micro Cap","Utilidade Pública","https://www.ivalor.com.br/empresas/listagem?setor=25"
"198","QUERO-QUERO","https://www.ivalor.com.br/empresas/LJQQ","LJQQ3","https://www.ivalor.com.br/empresas/acoes/LJQQ3","Small Cap","Consumo Cíclico","https://www.ivalor.com.br/empresas/listagem?setor=27"
"199","LIFEMED","https://www.ivalor.com.br/empresas/LMED","LMED3","https://www.ivalor.com.br/empresas/acoes/LMED3","-","Saúde","https://www.ivalor.com.br/empresas/listagem?setor=23"
"200","LOG COM PROP","https://www.ivalor.com.br/empresas/LOGG","LOGG3","https://www.ivalor.com.br/empresas/acoes/LOGG3","Small Cap","Financeiro","https://www.ivalor.com.br/empresas/listagem?setor=33"
"201","LOG-IN","https://www.ivalor.com.br/empresas/LOGN","LOGN3","https://www.ivalor.com.br/empresas/acoes/LOGN3","Small Cap","Bens Industriais","https://www.ivalor.com.br/empresas/listagem?setor=26"
"202","LOPES BRASIL","https://www.ivalor.com.br/empresas/LPSB","LPSB3","https://www.ivalor.com.br/empresas/acoes/LPSB3","Micro Cap","Financeiro","https://www.ivalor.com.br/empresas/listagem?setor=33"
"203","LOJAS RENNER","https://www.ivalor.com.br/empresas/LREN","LREN3","https://www.ivalor.com.br/empresas/acoes/LREN3","Big Cap","Consumo Cíclico","https://www.ivalor.com.br/empresas/listagem?setor=27"
"204","LUPATECH","https://www.ivalor.com.br/empresas/LUPA","LUPA3","https://www.ivalor.com.br/empresas/acoes/LUPA3","Nano Cap","Petróleo. Gás e Biocombustíveis","https://www.ivalor.com.br/empresas/listagem?setor=30"
"205","TREVISA","https://www.ivalor.com.br/empresas/LUXM","LUXM4","https://www.ivalor.com.br/empresas/acoes/LUXM4","Nano Cap","Bens Industriais","https://www.ivalor.com.br/empresas/listagem?setor=26"
"206","LOCAWEB","https://www.ivalor.com.br/empresas/LWSA","LWSA3","https://www.ivalor.com.br/empresas/acoes/LWSA3","Mid Cap","Tecnologia da Informação","https://www.ivalor.com.br/empresas/listagem?setor=31"
"207","CEMEPE","https://www.ivalor.com.br/empresas/MAPT","MAPT4","https://www.ivalor.com.br/empresas/acoes/MAPT4","Nano Cap","Outros","https://www.ivalor.com.br/empresas/listagem?setor=34"
"208","M.DIASBRANCO","https://www.ivalor.com.br/empresas/MDIA","MDIA3","https://www.ivalor.com.br/empresas/acoes/MDIA3","Mid Cap","Consumo não Cíclico","https://www.ivalor.com.br/empresas/listagem?setor=24"
"209","MOURA DUBEUX","https://www.ivalor.com.br/empresas/MDNE","MDNE3","https://www.ivalor.com.br/empresas/acoes/MDNE3","Micro Cap","Consumo Cíclico","https://www.ivalor.com.br/empresas/listagem?setor=27"
"210","IMC S/A","https://www.ivalor.com.br/empresas/MEAL","MEAL3","https://www.ivalor.com.br/empresas/acoes/MEAL3","Micro Cap","Consumo Cíclico","https://www.ivalor.com.br/empresas/listagem?setor=27"
"211","MERC FINANC","https://www.ivalor.com.br/empresas/MERC","MERC4","https://www.ivalor.com.br/empresas/acoes/MERC4","Micro Cap","Financeiro","https://www.ivalor.com.br/empresas/listagem?setor=33"
"212","MANGELS INDL","https://www.ivalor.com.br/empresas/MGEL","MGEL4","https://www.ivalor.com.br/empresas/acoes/MGEL4","Nano Cap","Materiais Básicos","https://www.ivalor.com.br/empresas/listagem?setor=29"
"213","MAGAZ LUIZA","https://www.ivalor.com.br/empresas/MGLU","MGLU3","https://www.ivalor.com.br/empresas/acoes/MGLU3","Mega Cap","Consumo Cíclico","https://www.ivalor.com.br/empresas/listagem?setor=27"
"214","MILLS","https://www.ivalor.com.br/empresas/MILS","MILS3","https://www.ivalor.com.br/empresas/acoes/MILS3","Small Cap","Bens Industriais","https://www.ivalor.com.br/empresas/listagem?setor=26"
"215","MINASMAQUINA","https://www.ivalor.com.br/empresas/MMAQ","MMAQ4","https://www.ivalor.com.br/empresas/acoes/MMAQ4","Nano Cap","Bens Industriais","https://www.ivalor.com.br/empresas/listagem?setor=26"
"216","MMX MINER","https://www.ivalor.com.br/empresas/MMXM","MMXM3","https://www.ivalor.com.br/empresas/acoes/MMXM3","Nano Cap","Materiais Básicos","https://www.ivalor.com.br/empresas/listagem?setor=29"
"217","MUNDIAL","https://www.ivalor.com.br/empresas/MNDL","MNDL3","https://www.ivalor.com.br/empresas/acoes/MNDL3","Nano Cap","Consumo Cíclico","https://www.ivalor.com.br/empresas/listagem?setor=27"
"218","MINUPAR","https://www.ivalor.com.br/empresas/MNPR","MNPR3","https://www.ivalor.com.br/empresas/acoes/MNPR3","Nano Cap","Consumo não Cíclico","https://www.ivalor.com.br/empresas/listagem?setor=24"
"219","MONT ARANHA","https://www.ivalor.com.br/empresas/MOAR","MOAR3","https://www.ivalor.com.br/empresas/acoes/MOAR3","Small Cap","Financeiro","https://www.ivalor.com.br/empresas/listagem?setor=33"
"220","MOVIDA","https://www.ivalor.com.br/empresas/MOVI","MOVI3","https://www.ivalor.com.br/empresas/acoes/MOVI3","Small Cap","Consumo Cíclico","https://www.ivalor.com.br/empresas/listagem?setor=27"
"221","MULTIPLUS","https://www.ivalor.com.br/empresas/MPLU","MPLU3","https://www.ivalor.com.br/empresas/acoes/MPLU3","Small Cap","Consumo Cíclico","https://www.ivalor.com.br/empresas/listagem?setor=27"
"222","MARFRIG","https://www.ivalor.com.br/empresas/MRFG","MRFG3","https://www.ivalor.com.br/empresas/acoes/MRFG3","Mid Cap","Consumo não Cíclico","https://www.ivalor.com.br/empresas/listagem?setor=24"
"223","MRV","https://www.ivalor.com.br/empresas/MRVE","MRVE3","https://www.ivalor.com.br/empresas/acoes/MRVE3","Mid Cap","Consumo Cíclico","https://www.ivalor.com.br/empresas/listagem?setor=27"
"224","MELHOR SP","https://www.ivalor.com.br/empresas/MSPA","MSPA4","https://www.ivalor.com.br/empresas/acoes/MSPA4","Micro Cap","Materiais Básicos","https://www.ivalor.com.br/empresas/listagem?setor=29"
"225","MAESTROLOC","https://www.ivalor.com.br/empresas/MSRO","MSRO3","https://www.ivalor.com.br/empresas/acoes/MSRO3","-","Consumo Cíclico","https://www.ivalor.com.br/empresas/listagem?setor=27"
"226","METAL IGUACU","https://www.ivalor.com.br/empresas/MTIG","MTIG4","https://www.ivalor.com.br/empresas/acoes/MTIG4","Nano Cap","Materiais Básicos","https://www.ivalor.com.br/empresas/listagem?setor=29"
"227","MITRE REALTY","https://www.ivalor.com.br/empresas/MTRE","MTRE3","https://www.ivalor.com.br/empresas/acoes/MTRE3","Small Cap","Consumo Cíclico","https://www.ivalor.com.br/empresas/listagem?setor=27"
"228","METISA","https://www.ivalor.com.br/empresas/MTSA","MTSA4","https://www.ivalor.com.br/empresas/acoes/MTSA4","Micro Cap","Bens Industriais","https://www.ivalor.com.br/empresas/listagem?setor=26"
"229","MULTIPLAN","https://www.ivalor.com.br/empresas/MULT","MULT3","https://www.ivalor.com.br/empresas/acoes/MULT3","Mid Cap","Financeiro","https://www.ivalor.com.br/empresas/listagem?setor=33"
"230","WETZEL S/A","https://www.ivalor.com.br/empresas/MWET","MWET4","https://www.ivalor.com.br/empresas/acoes/MWET4","Nano Cap","Bens Industriais","https://www.ivalor.com.br/empresas/listagem?setor=26"
"231","IOCHP-MAXION","https://www.ivalor.com.br/empresas/MYPK","MYPK3","https://www.ivalor.com.br/empresas/acoes/MYPK3","Small Cap","Consumo Cíclico","https://www.ivalor.com.br/empresas/listagem?setor=27"
"232","NADIR FIGUEI","https://www.ivalor.com.br/empresas/NAFG","NAFG4","https://www.ivalor.com.br/empresas/acoes/NAFG4","Micro Cap","Consumo Cíclico","https://www.ivalor.com.br/empresas/listagem?setor=27"
"233","SUZANO HOLD","https://www.ivalor.com.br/empresas/NEMO","NEMO6","https://www.ivalor.com.br/empresas/acoes/NEMO6","-","Materiais Básicos","https://www.ivalor.com.br/empresas/listagem?setor=29"
"234","NEOENERGIA","https://www.ivalor.com.br/empresas/NEOE","NEOE3","https://www.ivalor.com.br/empresas/acoes/NEOE3","Mid Cap","Utilidade Pública","https://www.ivalor.com.br/empresas/listagem?setor=25"
"235","NORDON MET","https://www.ivalor.com.br/empresas/NORD","NORD3","https://www.ivalor.com.br/empresas/acoes/NORD3","Nano Cap","Bens Industriais","https://www.ivalor.com.br/empresas/listagem?setor=26"
"236","NORTCQUIMICA","https://www.ivalor.com.br/empresas/NRTQ","NRTQ3","https://www.ivalor.com.br/empresas/acoes/NRTQ3","-","Saúde","https://www.ivalor.com.br/empresas/listagem?setor=23"
"237","GRUPO NATURA","https://www.ivalor.com.br/empresas/NTCO","NTCO3","https://www.ivalor.com.br/empresas/acoes/NTCO3","Big Cap","Consumo não Cíclico","https://www.ivalor.com.br/empresas/listagem?setor=24"
"238","ODERICH","https://www.ivalor.com.br/empresas/ODER","ODER4","https://www.ivalor.com.br/empresas/acoes/ODER4","Nano Cap","Consumo não Cíclico","https://www.ivalor.com.br/empresas/listagem?setor=24"
"239","ODONTOPREV","https://www.ivalor.com.br/empresas/ODPV","ODPV3","https://www.ivalor.com.br/empresas/acoes/ODPV3","Mid Cap","Saúde","https://www.ivalor.com.br/empresas/listagem?setor=23"
"240","OUROFINO S/A","https://www.ivalor.com.br/empresas/OFSA","OFSA3","https://www.ivalor.com.br/empresas/acoes/OFSA3","Small Cap","Saúde","https://www.ivalor.com.br/empresas/listagem?setor=23"
"241","OI","https://www.ivalor.com.br/empresas/OIBR","OIBR4","https://www.ivalor.com.br/empresas/acoes/OIBR4","Mid Cap","Comunicações","https://www.ivalor.com.br/empresas/listagem?setor=35"
"242","OMEGA GER","https://www.ivalor.com.br/empresas/OMGE","OMGE3","https://www.ivalor.com.br/empresas/acoes/OMGE3","Mid Cap","Utilidade Pública","https://www.ivalor.com.br/empresas/listagem?setor=25"
"243","OSX BRASIL","https://www.ivalor.com.br/empresas/OSXB","OSXB3","https://www.ivalor.com.br/empresas/acoes/OSXB3","Nano Cap","Petróleo. Gás e Biocombustíveis","https://www.ivalor.com.br/empresas/listagem?setor=30"
"244","PACIFIC RDSL","https://www.ivalor.com.br/empresas/PACF","PACF3","https://www.ivalor.com.br/empresas/acoes/PACF3","-","Saúde","https://www.ivalor.com.br/empresas/listagem?setor=23"
"245","IHPARDINI","https://www.ivalor.com.br/empresas/PARD","PARD3","https://www.ivalor.com.br/empresas/acoes/PARD3","Small Cap","Saúde","https://www.ivalor.com.br/empresas/listagem?setor=23"
"246","PANATLANTICA","https://www.ivalor.com.br/empresas/PATI","PATI4","https://www.ivalor.com.br/empresas/acoes/PATI4","Micro Cap","Materiais Básicos","https://www.ivalor.com.br/empresas/listagem?setor=29"
"247","P.ACUCAR-CBD","https://www.ivalor.com.br/empresas/PCAR","PCAR3","https://www.ivalor.com.br/empresas/acoes/PCAR3","Mid Cap","Consumo não Cíclico","https://www.ivalor.com.br/empresas/listagem?setor=24"
"248","PDG REALT","https://www.ivalor.com.br/empresas/PDGR","PDGR3","https://www.ivalor.com.br/empresas/acoes/PDGR3","Nano Cap","Consumo Cíclico","https://www.ivalor.com.br/empresas/listagem?setor=27"
"249","PADTEC","https://www.ivalor.com.br/empresas/PDTC","PDTC3","https://www.ivalor.com.br/empresas/acoes/PDTC3","Micro Cap","Financeiro","https://www.ivalor.com.br/empresas/listagem?setor=33"
"250","PAR AL BAHIA","https://www.ivalor.com.br/empresas/PEAB","PEAB4","https://www.ivalor.com.br/empresas/acoes/PEAB4","Micro Cap","Financeiro","https://www.ivalor.com.br/empresas/listagem?setor=33"
"251","PETROBRAS","https://www.ivalor.com.br/empresas/PETR","PETR4","https://www.ivalor.com.br/empresas/acoes/PETR4","Mega Cap","Petróleo. Gás e Biocombustíveis","https://www.ivalor.com.br/empresas/listagem?setor=30"
"252","PETZ","https://www.ivalor.com.br/empresas/PETZ","PETZ3","https://www.ivalor.com.br/empresas/acoes/PETZ3","Mid Cap","Consumo Cíclico","https://www.ivalor.com.br/empresas/listagem?setor=27"
"253","PROFARMA","https://www.ivalor.com.br/empresas/PFRM","PFRM3","https://www.ivalor.com.br/empresas/acoes/PFRM3","Micro Cap","Saúde","https://www.ivalor.com.br/empresas/listagem?setor=23"
"254","PAGUE MENOS","https://www.ivalor.com.br/empresas/PGMN","PGMN3","https://www.ivalor.com.br/empresas/acoes/PGMN3","Small Cap","Saúde","https://www.ivalor.com.br/empresas/listagem?setor=23"
"255","PINE","https://www.ivalor.com.br/empresas/PINE","PINE4","https://www.ivalor.com.br/empresas/acoes/PINE4","Micro Cap","Financeiro","https://www.ivalor.com.br/empresas/listagem?setor=33"
"256","PLASCAR PART","https://www.ivalor.com.br/empresas/PLAS","PLAS3","https://www.ivalor.com.br/empresas/acoes/PLAS3","Nano Cap","Consumo Cíclico","https://www.ivalor.com.br/empresas/listagem?setor=27"
"257","PARANAPANEMA","https://www.ivalor.com.br/empresas/PMAM","PMAM3","https://www.ivalor.com.br/empresas/acoes/PMAM3","Micro Cap","Materiais Básicos","https://www.ivalor.com.br/empresas/listagem?setor=29"
"258","DIMED","https://www.ivalor.com.br/empresas/PNVL","PNVL4","https://www.ivalor.com.br/empresas/acoes/PNVL4","Small Cap","Saúde","https://www.ivalor.com.br/empresas/listagem?setor=23"
"259","MARCOPOLO","https://www.ivalor.com.br/empresas/POMO","POMO4","https://www.ivalor.com.br/empresas/acoes/POMO4","Small Cap","Bens Industriais","https://www.ivalor.com.br/empresas/listagem?setor=26"
"260","POSITIVO TEC","https://www.ivalor.com.br/empresas/POSI","POSI3","https://www.ivalor.com.br/empresas/acoes/POSI3","Micro Cap","Tecnologia da Informação","https://www.ivalor.com.br/empresas/listagem?setor=31"
"261","POLPAR","https://www.ivalor.com.br/empresas/PPAR","PPAR3","https://www.ivalor.com.br/empresas/acoes/PPAR3","Nano Cap","Outros","https://www.ivalor.com.br/empresas/listagem?setor=34"
"262","PPLA","https://www.ivalor.com.br/empresas/PPLA","PPLA11","https://www.ivalor.com.br/empresas/acoes/PPLA11","Nano Cap","Financeiro","https://www.ivalor.com.br/empresas/listagem?setor=33"
"263","PETRORIO","https://www.ivalor.com.br/empresas/PRIO","PRIO3","https://www.ivalor.com.br/empresas/acoes/PRIO3","Small Cap","Petróleo. Gás e Biocombustíveis","https://www.ivalor.com.br/empresas/listagem?setor=30"
"264","PRINER","https://www.ivalor.com.br/empresas/PRNR","PRNR3","https://www.ivalor.com.br/empresas/acoes/PRNR3","Micro Cap","Bens Industriais","https://www.ivalor.com.br/empresas/listagem?setor=26"
"265","PORTO SEGURO","https://www.ivalor.com.br/empresas/PSSA","PSSA3","https://www.ivalor.com.br/empresas/acoes/PSSA3","Mid Cap","Financeiro","https://www.ivalor.com.br/empresas/listagem?setor=33"
"266","PORTOBELLO","https://www.ivalor.com.br/empresas/PTBL","PTBL3","https://www.ivalor.com.br/empresas/acoes/PTBL3","Micro Cap","Bens Industriais","https://www.ivalor.com.br/empresas/listagem?setor=26"
"267","PRATICA","https://www.ivalor.com.br/empresas/PTCA","PTCA3","https://www.ivalor.com.br/empresas/acoes/PTCA3","-","Bens Industriais","https://www.ivalor.com.br/empresas/listagem?setor=26"
"268","PETTENATI","https://www.ivalor.com.br/empresas/PTNT","PTNT4","https://www.ivalor.com.br/empresas/acoes/PTNT4","Micro Cap","Consumo Cíclico","https://www.ivalor.com.br/empresas/listagem?setor=27"
"269","QUALICORP","https://www.ivalor.com.br/empresas/QUAL","QUAL3","https://www.ivalor.com.br/empresas/acoes/QUAL3","Mid Cap","Saúde","https://www.ivalor.com.br/empresas/listagem?setor=23"
"270","QUALITY SOFT","https://www.ivalor.com.br/empresas/QUSW","QUSW3","https://www.ivalor.com.br/empresas/acoes/QUSW3","-","Tecnologia da Informação","https://www.ivalor.com.br/empresas/listagem?setor=31"
"271","RAIADROGASIL","https://www.ivalor.com.br/empresas/RADL","RADL3","https://www.ivalor.com.br/empresas/acoes/RADL3","Big Cap","Saúde","https://www.ivalor.com.br/empresas/listagem?setor=23"
"272","RUMO S.A.","https://www.ivalor.com.br/empresas/RAIL","RAIL3","https://www.ivalor.com.br/empresas/acoes/RAIL3","Big Cap","Bens Industriais","https://www.ivalor.com.br/empresas/listagem?setor=26"
"273","IRANI","https://www.ivalor.com.br/empresas/RANI","RANI4","https://www.ivalor.com.br/empresas/acoes/RANI4","Small Cap","Materiais Básicos","https://www.ivalor.com.br/empresas/listagem?setor=29"
"274","RANDON PART","https://www.ivalor.com.br/empresas/RAPT","RAPT4","https://www.ivalor.com.br/empresas/acoes/RAPT4","Small Cap","Bens Industriais","https://www.ivalor.com.br/empresas/listagem?setor=26"
"275","RECRUSUL","https://www.ivalor.com.br/empresas/RCSL","RCSL4","https://www.ivalor.com.br/empresas/acoes/RCSL4","Nano Cap","Bens Industriais","https://www.ivalor.com.br/empresas/listagem?setor=26"
"276","RNI","https://www.ivalor.com.br/empresas/RDNI","RDNI3","https://www.ivalor.com.br/empresas/acoes/RDNI3","Micro Cap","Consumo Cíclico","https://www.ivalor.com.br/empresas/listagem?setor=27"
"277","REDE ENERGIA","https://www.ivalor.com.br/empresas/REDE","REDE3","https://www.ivalor.com.br/empresas/acoes/REDE3","Mid Cap","Utilidade Pública","https://www.ivalor.com.br/empresas/listagem?setor=25"
"278","LOCALIZA","https://www.ivalor.com.br/empresas/RENT","RENT3","https://www.ivalor.com.br/empresas/acoes/RENT3","Big Cap","Consumo Cíclico","https://www.ivalor.com.br/empresas/listagem?setor=27"
"279","COSAN LOG","https://www.ivalor.com.br/empresas/RLOG","RLOG3","https://www.ivalor.com.br/empresas/acoes/RLOG3","Mid Cap","Bens Industriais","https://www.ivalor.com.br/empresas/listagem?setor=26"
"280","RENOVA","https://www.ivalor.com.br/empresas/RNEW","RNEW4","https://www.ivalor.com.br/empresas/acoes/RNEW4","Nano Cap","Utilidade Pública","https://www.ivalor.com.br/empresas/listagem?setor=25"
"281","INDS ROMI","https://www.ivalor.com.br/empresas/ROMI","ROMI3","https://www.ivalor.com.br/empresas/acoes/ROMI3","Micro Cap","Bens Industriais","https://www.ivalor.com.br/empresas/listagem?setor=26"
"282","ALFA HOLDING","https://www.ivalor.com.br/empresas/RPAD","RPAD6","https://www.ivalor.com.br/empresas/acoes/RPAD6","Micro Cap","Financeiro","https://www.ivalor.com.br/empresas/listagem?setor=33"
"283","PET MANGUINH","https://www.ivalor.com.br/empresas/RPMG","RPMG3","https://www.ivalor.com.br/empresas/acoes/RPMG3","Nano Cap","Petróleo. Gás e Biocombustíveis","https://www.ivalor.com.br/empresas/listagem?setor=30"
"284","ROSSI RESID","https://www.ivalor.com.br/empresas/RSID","RSID3","https://www.ivalor.com.br/empresas/acoes/RSID3","Nano Cap","Consumo Cíclico","https://www.ivalor.com.br/empresas/listagem?setor=27"
"285","RIOSULENSE","https://www.ivalor.com.br/empresas/RSUL","RSUL4","https://www.ivalor.com.br/empresas/acoes/RSUL4","Nano Cap","Bens Industriais","https://www.ivalor.com.br/empresas/listagem?setor=26"
"286","SANTANDER BR","https://www.ivalor.com.br/empresas/SANB","SANB4","https://www.ivalor.com.br/empresas/acoes/SANB4","Big Cap","Financeiro","https://www.ivalor.com.br/empresas/listagem?setor=33"
"287","SANEPAR","https://www.ivalor.com.br/empresas/SAPR","SAPR4","https://www.ivalor.com.br/empresas/acoes/SAPR4","Mid Cap","Utilidade Pública","https://www.ivalor.com.br/empresas/listagem?setor=25"
"288","SABESP","https://www.ivalor.com.br/empresas/SBSP","SBSP3","https://www.ivalor.com.br/empresas/acoes/SBSP3","Big Cap","Utilidade Pública","https://www.ivalor.com.br/empresas/listagem?setor=25"
"289","SAO CARLOS","https://www.ivalor.com.br/empresas/SCAR","SCAR3","https://www.ivalor.com.br/empresas/acoes/SCAR3","Small Cap","Financeiro","https://www.ivalor.com.br/empresas/listagem?setor=33"
"290","SOMOS EDUCA","https://www.ivalor.com.br/empresas/SEDU","SEDU3","https://www.ivalor.com.br/empresas/acoes/SEDU3","Mid Cap","Consumo Cíclico","https://www.ivalor.com.br/empresas/listagem?setor=27"
"291","SER EDUCA","https://www.ivalor.com.br/empresas/SEER","SEER3","https://www.ivalor.com.br/empresas/acoes/SEER3","Small Cap","Consumo Cíclico","https://www.ivalor.com.br/empresas/listagem?setor=27"
"292","SPRINGS","https://www.ivalor.com.br/empresas/SGPS","SGPS3","https://www.ivalor.com.br/empresas/acoes/SGPS3","Micro Cap","Consumo Cíclico","https://www.ivalor.com.br/empresas/listagem?setor=27"
"293","TIME FOR FUN","https://www.ivalor.com.br/empresas/SHOW","SHOW3","https://www.ivalor.com.br/empresas/acoes/SHOW3","Nano Cap","Consumo Cíclico","https://www.ivalor.com.br/empresas/listagem?setor=27"
"294","SCHULZ","https://www.ivalor.com.br/empresas/SHUL","SHUL4","https://www.ivalor.com.br/empresas/acoes/SHUL4","Micro Cap","Bens Industriais","https://www.ivalor.com.br/empresas/listagem?setor=26"
"295","SIMPAR","https://www.ivalor.com.br/empresas/SIMH","SIMH3","https://www.ivalor.com.br/empresas/acoes/SIMH3","Mid Cap","Financeiro","https://www.ivalor.com.br/empresas/listagem?setor=33"
"296","SLC AGRICOLA","https://www.ivalor.com.br/empresas/SLCE","SLCE3","https://www.ivalor.com.br/empresas/acoes/SLCE3","Mid Cap","Consumo não Cíclico","https://www.ivalor.com.br/empresas/listagem?setor=24"
"297","SARAIVA LIVR","https://www.ivalor.com.br/empresas/SLED","SLED4","https://www.ivalor.com.br/empresas/acoes/SLED4","Nano Cap","Consumo Cíclico","https://www.ivalor.com.br/empresas/listagem?setor=27"
"298","SMART FIT","https://www.ivalor.com.br/empresas/SMFT","SMFT3","https://www.ivalor.com.br/empresas/acoes/SMFT3","-","Consumo Cíclico","https://www.ivalor.com.br/empresas/listagem?setor=27"
"299","SMILES","https://www.ivalor.com.br/empresas/SMLS","SMLS3","https://www.ivalor.com.br/empresas/acoes/SMLS3","Small Cap","Consumo Cíclico","https://www.ivalor.com.br/empresas/listagem?setor=27"
"300","SAO MARTINHO","https://www.ivalor.com.br/empresas/SMTO","SMTO3","https://www.ivalor.com.br/empresas/acoes/SMTO3","Mid Cap","Consumo não Cíclico","https://www.ivalor.com.br/empresas/listagem?setor=24"
"301","SANSUY","https://www.ivalor.com.br/empresas/SNSY","SNSY6","https://www.ivalor.com.br/empresas/acoes/SNSY6","Nano Cap","Materiais Básicos","https://www.ivalor.com.br/empresas/listagem?setor=29"
"302","GRUPO SOMA","https://www.ivalor.com.br/empresas/SOMA","SOMA3","https://www.ivalor.com.br/empresas/acoes/SOMA3","Small Cap","Consumo Cíclico","https://www.ivalor.com.br/empresas/listagem?setor=27"
"303","SONDOTECNICA","https://www.ivalor.com.br/empresas/SOND","SOND6","https://www.ivalor.com.br/empresas/acoes/SOND6","Nano Cap","Bens Industriais","https://www.ivalor.com.br/empresas/listagem?setor=26"
"304","SPRINGER","https://www.ivalor.com.br/empresas/SPRI","SPRI6","https://www.ivalor.com.br/empresas/acoes/SPRI6","Nano Cap","Financeiro e Outros","https://www.ivalor.com.br/empresas/listagem?setor=1"
"305","SINQIA","https://www.ivalor.com.br/empresas/SQIA","SQIA3","https://www.ivalor.com.br/empresas/acoes/SQIA3","Small Cap","Tecnologia da Informação","https://www.ivalor.com.br/empresas/listagem?setor=31"
"306","SANTOS BRP","https://www.ivalor.com.br/empresas/STBP","STBP3","https://www.ivalor.com.br/empresas/acoes/STBP3","Small Cap","Bens Industriais","https://www.ivalor.com.br/empresas/listagem?setor=26"
"307","STATKRAFT","https://www.ivalor.com.br/empresas/STKF","STKF3","https://www.ivalor.com.br/empresas/acoes/STKF3","-","Utilidade Pública","https://www.ivalor.com.br/empresas/listagem?setor=25"
"308","STARA","https://www.ivalor.com.br/empresas/STTR","STTR3","https://www.ivalor.com.br/empresas/acoes/STTR3","-","Bens Industriais","https://www.ivalor.com.br/empresas/listagem?setor=26"
"309","SUL AMERICA","https://www.ivalor.com.br/empresas/SULA","SULA4","https://www.ivalor.com.br/empresas/acoes/SULA4","Mid Cap","Financeiro","https://www.ivalor.com.br/empresas/listagem?setor=33"
"310","SUZANO S.A.","https://www.ivalor.com.br/empresas/SUZB","SUZB3","https://www.ivalor.com.br/empresas/acoes/SUZB3","Big Cap","Materiais Básicos","https://www.ivalor.com.br/empresas/listagem?setor=29"
"311","TAESA","https://www.ivalor.com.br/empresas/TAEE","TAEE4","https://www.ivalor.com.br/empresas/acoes/TAEE4","Mid Cap","Utilidade Pública","https://www.ivalor.com.br/empresas/listagem?setor=25"
"312","TAURUS ARMAS","https://www.ivalor.com.br/empresas/TASA","TASA4","https://www.ivalor.com.br/empresas/acoes/TASA4","Micro Cap","Bens Industriais","https://www.ivalor.com.br/empresas/listagem?setor=26"
"313","TECNOSOLO","https://www.ivalor.com.br/empresas/TCNO","TCNO4","https://www.ivalor.com.br/empresas/acoes/TCNO4","Nano Cap","Bens Industriais","https://www.ivalor.com.br/empresas/listagem?setor=26"
"314","TECNISA","https://www.ivalor.com.br/empresas/TCSA","TCSA3","https://www.ivalor.com.br/empresas/acoes/TCSA3","Micro Cap","Consumo Cíclico","https://www.ivalor.com.br/empresas/listagem?setor=27"
"315","TECHNOS","https://www.ivalor.com.br/empresas/TECN","TECN3","https://www.ivalor.com.br/empresas/acoes/TECN3","Nano Cap","Consumo Cíclico","https://www.ivalor.com.br/empresas/listagem?setor=27"
"316","TEKA","https://www.ivalor.com.br/empresas/TEKA","TEKA4","https://www.ivalor.com.br/empresas/acoes/TEKA4","Nano Cap","Consumo Cíclico","https://www.ivalor.com.br/empresas/listagem?setor=27"
"317","TELEBRAS","https://www.ivalor.com.br/empresas/TELB","TELB4","https://www.ivalor.com.br/empresas/acoes/TELB4","Mid Cap","Comunicações","https://www.ivalor.com.br/empresas/listagem?setor=35"
"318","TENDA","https://www.ivalor.com.br/empresas/TEND","TEND3","https://www.ivalor.com.br/empresas/acoes/TEND3","Small Cap","Consumo Cíclico","https://www.ivalor.com.br/empresas/listagem?setor=27"
"319","TERRA SANTA","https://www.ivalor.com.br/empresas/TESA","TESA3","https://www.ivalor.com.br/empresas/acoes/TESA3","Micro Cap","Consumo não Cíclico","https://www.ivalor.com.br/empresas/listagem?setor=24"
"320","TEGMA","https://www.ivalor.com.br/empresas/TGMA","TGMA3","https://www.ivalor.com.br/empresas/acoes/TGMA3","Small Cap","Bens Industriais","https://www.ivalor.com.br/empresas/listagem?setor=26"
"321","AES TIETE E","https://www.ivalor.com.br/empresas/TIET","TIET4","https://www.ivalor.com.br/empresas/acoes/TIET4","Mid Cap","Utilidade Pública","https://www.ivalor.com.br/empresas/listagem?setor=25"
"322","TIM PART S/A","https://www.ivalor.com.br/empresas/TIMP","TIMP3","https://www.ivalor.com.br/empresas/acoes/TIMP3","Big Cap","Comunicações","https://www.ivalor.com.br/empresas/listagem?setor=35"
"323","TEKNO","https://www.ivalor.com.br/empresas/TKNO","TKNO4","https://www.ivalor.com.br/empresas/acoes/TKNO4","Nano Cap","Materiais Básicos","https://www.ivalor.com.br/empresas/listagem?setor=29"
"324","TOTVS","https://www.ivalor.com.br/empresas/TOTS","TOTS3","https://www.ivalor.com.br/empresas/acoes/TOTS3","Mid Cap","Tecnologia da Informação","https://www.ivalor.com.br/empresas/listagem?setor=31"
"325","TECTOY","https://www.ivalor.com.br/empresas/TOYB","TOYB4","https://www.ivalor.com.br/empresas/acoes/TOYB4","Nano Cap","Consumo Cíclico","https://www.ivalor.com.br/empresas/listagem?setor=27"
"326","TRIUNFO PART","https://www.ivalor.com.br/empresas/TPIS","TPIS3","https://www.ivalor.com.br/empresas/acoes/TPIS3","Micro Cap","Bens Industriais","https://www.ivalor.com.br/empresas/listagem?setor=26"
"327","TRISUL","https://www.ivalor.com.br/empresas/TRIS","TRIS3","https://www.ivalor.com.br/empresas/acoes/TRIS3","Small Cap","Consumo Cíclico","https://www.ivalor.com.br/empresas/listagem?setor=27"
"328","TRAN PAULIST","https://www.ivalor.com.br/empresas/TRPL","TRPL4","https://www.ivalor.com.br/empresas/acoes/TRPL4","Mid Cap","Utilidade Pública","https://www.ivalor.com.br/empresas/listagem?setor=25"
"329","TARPON INV","https://www.ivalor.com.br/empresas/TRPN","TRPN3","https://www.ivalor.com.br/empresas/acoes/TRPN3","Nano Cap","Financeiro e Outros","https://www.ivalor.com.br/empresas/listagem?setor=1"
"330","TUPY","https://www.ivalor.com.br/empresas/TUPY","TUPY3","https://www.ivalor.com.br/empresas/acoes/TUPY3","Small Cap","Bens Industriais","https://www.ivalor.com.br/empresas/listagem?setor=26"
"331","UNICASA","https://www.ivalor.com.br/empresas/UCAS","UCAS3","https://www.ivalor.com.br/empresas/acoes/UCAS3","Micro Cap","Consumo Cíclico","https://www.ivalor.com.br/empresas/listagem?setor=27"
"332","ULTRAPAR","https://www.ivalor.com.br/empresas/UGPA","UGPA3","https://www.ivalor.com.br/empresas/acoes/UGPA3","Mid Cap","Petróleo. Gás e Biocombustíveis","https://www.ivalor.com.br/empresas/listagem?setor=30"
"333","UNIPAR","https://www.ivalor.com.br/empresas/UNIP","UNIP6","https://www.ivalor.com.br/empresas/acoes/UNIP6","Small Cap","Materiais Básicos","https://www.ivalor.com.br/empresas/listagem?setor=29"
"334","USIMINAS","https://www.ivalor.com.br/empresas/USIM","USIM6","https://www.ivalor.com.br/empresas/acoes/USIM6","Mid Cap","Materiais Básicos","https://www.ivalor.com.br/empresas/listagem?setor=29"
"335","VALE","https://www.ivalor.com.br/empresas/VALE","VALE3","https://www.ivalor.com.br/empresas/acoes/VALE3","Mega Cap","Materiais Básicos","https://www.ivalor.com.br/empresas/listagem?setor=29"
"336","VIVARA S.A.","https://www.ivalor.com.br/empresas/VIVA","VIVA3","https://www.ivalor.com.br/empresas/acoes/VIVA3","Mid Cap","Consumo Cíclico","https://www.ivalor.com.br/empresas/listagem?setor=27"
"337","VIVER","https://www.ivalor.com.br/empresas/VIVR","VIVR3","https://www.ivalor.com.br/empresas/acoes/VIVR3","Nano Cap","Consumo Cíclico","https://www.ivalor.com.br/empresas/listagem?setor=27"
"338","TELEF BRASIL","https://www.ivalor.com.br/empresas/VIVT","VIVT4","https://www.ivalor.com.br/empresas/acoes/VIVT4","Big Cap","Comunicações","https://www.ivalor.com.br/empresas/listagem?setor=35"
"339","VALID","https://www.ivalor.com.br/empresas/VLID","VLID3","https://www.ivalor.com.br/empresas/acoes/VLID3","Micro Cap","Bens Industriais","https://www.ivalor.com.br/empresas/listagem?setor=26"
"340","FER C ATLANT","https://www.ivalor.com.br/empresas/VSPT","VSPT4","https://www.ivalor.com.br/empresas/acoes/VSPT4","Nano Cap","Bens Industriais","https://www.ivalor.com.br/empresas/listagem?setor=26"
"341","VULCABRAS","https://www.ivalor.com.br/empresas/VULC","VULC3","https://www.ivalor.com.br/empresas/acoes/VULC3","Small Cap","Consumo Cíclico","https://www.ivalor.com.br/empresas/listagem?setor=27"
"342","VIAVAREJO","https://www.ivalor.com.br/empresas/VVAR","VVAR3","https://www.ivalor.com.br/empresas/acoes/VVAR3","Big Cap","Consumo Cíclico","https://www.ivalor.com.br/empresas/listagem?setor=27"
"343","WEG","https://www.ivalor.com.br/empresas/WEGE","WEGE3","https://www.ivalor.com.br/empresas/acoes/WEGE3","Mega Cap","Bens Industriais","https://www.ivalor.com.br/empresas/listagem?setor=26"
"344","WHIRLPOOL","https://www.ivalor.com.br/empresas/WHRL","WHRL4","https://www.ivalor.com.br/empresas/acoes/WHRL4","Mid Cap","Consumo Cíclico","https://www.ivalor.com.br/empresas/listagem?setor=27"
"345","WIZ S.A.","https://www.ivalor.com.br/empresas/WIZS","WIZS3","https://www.ivalor.com.br/empresas/acoes/WIZS3","Small Cap","Financeiro","https://www.ivalor.com.br/empresas/listagem?setor=33"
"346","WLM IND COM","https://www.ivalor.com.br/empresas/WLMM","WLMM4","https://www.ivalor.com.br/empresas/acoes/WLMM4","Micro Cap","Bens Industriais","https://www.ivalor.com.br/empresas/listagem?setor=26"
"347","WILSON SONS","https://www.ivalor.com.br/empresas/WSON","WSON33","https://www.ivalor.com.br/empresas/acoes/WSON33","-","Bens Industriais","https://www.ivalor.com.br/empresas/listagem?setor=26"
"348","YDUQS PART","https://www.ivalor.com.br/empresas/YDUQ","YDUQ3","https://www.ivalor.com.br/empresas/acoes/YDUQ3","Mid Cap","Consumo Cíclico","https://www.ivalor.com.br/empresas/listagem?setor=27"